{"cameraMode":{"drawMode":0,"name":"Shaded","section":"Shading Mode"},"sceneLighting":false,"audioPlay":false,"sceneViewState":{"m_AlwaysRefresh":false,"showFog":true,"showSkybox":false,"showFlares":true,"showImageEffects":true,"showParticleSystems":true,"showVisualEffectGraphs":true,"m_FxEnabled":true},"in2DMode":false,"pivot":{"x":0.2746298313140869,"y":0.1366116851568222,"z":0.003591775894165039},"rotation":{"x":-0.0003135857405140996,"y":-0.9996950626373291,"z":0.01889476552605629,"w":-0.016501303762197496},"size":0.29842042922973635,"orthographic":false}