{"cameraMode":{"drawMode":0,"name":"Shaded","section":"Shading Mode"},"sceneLighting":false,"audioPlay":false,"sceneViewState":{"m_AlwaysRefresh":false,"showFog":true,"showSkybox":false,"showFlares":true,"showImageEffects":true,"showParticleSystems":true,"showVisualEffectGraphs":true,"m_FxEnabled":true},"in2DMode":false,"pivot":{"x":0.36000001430511477,"y":1.0325000286102296,"z":-5.729000091552734},"rotation":{"x":-0.007501809857785702,"y":-0.00539980037137866,"z":-0.000040952363633550704,"w":0.9999604821205139},"size":0.9729502201080322,"orthographic":false}